date,address,creator,initialBuy,marketCap,bondingCurveKey,vSolInBondingCurve,vTokensInBondingCurve,uri,signature
2025-05-09 18:08:04.979944,9XCAiyTAsFAx2HraoJKByfiZJ5N6jBK8M113QcE4pump,J4rGfhPPZA7Huef58BN8DT7gXm7Ly2B4cU5eExVaG4G6,66439628.45773,31.77176344623955,95p8YCwFWfRyxyP9dZMVJJTCjJbDQKzvbsgMA3p1WyqY,31.980198018999996,1006560371.54227,https://ipfs.io/ipfs/Qma1zfWVvhdkkWZX71Uy7aCA9Tp4wnQyUMDP4gzdd5C4t3,2joTfPqmYkbZctsVL9uWsrxgKJFDWxHWUTrUjdnz3Uw2nvYNrtBqZvCqwHrMoRnrSc7Jnmg3LAvkhWLgc7t8x3XG
2025-05-09 18:08:06.097877,EJw9W28gT4fMzo7h9Ef2EjJYzqZ6xEtyZBrCaywapump,8XAgwuGxFCcNrmKkoDmdMT4VquCHKHP6iKgk3C9AstQf,3529605.227977,28.14384582045034,CKG68hjEQqH1hUwpdfULw3wUR3YpbrRq5fov9YDZXaXh,30.099009899999974,1069470394.772023,https://ipfs.io/ipfs/QmcHctAUbCp4DyzgWUwjgiZAoBPhJdRdc7L9xrKvbYaMXh,5BFLDYFHfqGoGvzHBtvCxkzzVAPv2HjyqcSJBNjMaaGTmydW4uS7tRkqQifF2m2xsxtcFrv44G16nxv9f3Ce6qNC
2025-05-09 18:08:08.065594,Djc29KLqsqL2HURciQb3ArMKdi2Cfk2hTr9bHCa9pump,9ou73V65MSqT3zq8Xy88FZnLXmpN3Wv7gNyo4KNPNvMs,50613207.51952,30.79573087755936,E5zMFDq94J38adagjvnncC1PJXEUgwvNTPfEMaJvmxxL,31.48514851399999,1022386792.48048,https://ipfs.io/ipfs/QmebGPdzeUeviT54jJwwi6zzpjUT4k4W4KgNcYRboesyM8,2sxkY9N31QCcZRoW7BHRacKHdutHZ79tRD5TsNW6MzLi8c2bRUGq5FmbyVzXskk4fbmnvzdcYf38acr6YpmkJAHH
2025-05-09 18:08:08.917966,B8VidEhqp6fMhVFpwm3nBeUYJTjFTxEEPQWWS2xBpump,EsAJJWb4ihBT7M8MxRHHiSBzesCWqzqPkBwSzQFoG5Xf,707783.634087,27.99591521958405,GBtEcDr9SCz57PAz8PiEGfq122bFCuW68ekzMvRkaAWj,30.019801979999976,1072292216.365913,https://ipfs.io/ipfs/QmNLequFA88QgWX2923p4y9BucRub6wAV29VwrdmpxjTkE,Lqn6aXDpu1hvp74kkvCU2cRt2g2ycVzf9Diaw6HLFCoxfWgCR63pdhGHPVNnythyoYB2rrGTujepR4QzUSjy9af
2025-05-09 18:08:09.857170,F4EfkhA2tpTo1r16quqLUCKAFa7ryvr2JGNvpSzjpump,GdRSPexhxbQz5H2zFQrNN2BAZUqEjAULBigTPvQ6oDMP,96666666.645849,33.76950873502591,7KFpjTBG2F1ZUodDT9k4EyJxD6izevqucQruk6Lo4VCV,32.970297028999966,976333333.354151,https://ipfs.io/ipfs/QmacBeG4yTDakXHobhG3hLwBXKKc8GhbnyU2SsNKxiMLhf,5amRobdizzfNhnGWx5de3pxeeLhGXbvu8Qc3ZHesJn78XXa6VRYcqa8joPN6UJZ874s51VGLcU4PdqG1skQSZQr8
2025-05-09 18:08:11.657105,4SQS1XN6dCxNQs8zqgBoojgyuMoeZHqE31esbgY2pump,Hgx7sLV3gC6rsEwpB5FWYGoELL1MpnAaznhsh3cUiEUj,4583963.184034,28.199420293978278,C8PJDPV5Psp8vnX6NEPJwd6sBRxk2aJ98DLv9unoV7sL,30.128712870999994,1068416036.815966,https://ipfs.io/ipfs/QmVEEKpC9oWHuVpvjoPhUpMbikZ5hNebNVapF2UMkojM3o,5PcBUiHEUJgJt2HKrrMVifdib6xo8CRJjKRe4sKp5aKi1iwaSA329EoRjoJnWHTg88YEE66HR1ocSGyYNqHeuk1A
2025-05-09 18:08:13.639035,6s14NovfRfViwBSx2rkBC9fZWMcMXjD12VUgyEu2pump,BMe8SSmUsDTgks8pHz9ArkZu4m52U7A8vwGFyt9k9wqN,27601286.142372,29.45486616620569,D9u3eiXXAfz2DU95jRVNrWH3KJhWoYm8v6dRNicV9L9L,30.79207920699999,1045398713.857628,https://ipfs.io/ipfs/QmcUP718g8xzGcGnTj6AQikSkHkvFtfRQFryhr5DgEZTGo,4gojumFWDciMXveFYtsJ47Ba5mAZL1RKdgK83Mo2VfmjU91BDK7EMBgxLfRwSC79xvUhbk5DdLmCa4ReHTN79SUm
2025-05-09 18:08:14.022423,GRe2n4HGxTGe8A3cTX5LFmEUM1uc3pRyx42dmpV7pump,66666KoHBbpC7zCkgUjWsdTmxeEmCEZLLfKLT1iYQCDo,66439628.45773,31.77176344623955,9iU8KWNXj9qNsSs2cnZfJpVqGx5bgWv7gTDbZzMG1vkh,31.980198018999996,1006560371.54227,https://ipfs.io/ipfs/QmV3FafnJvQ9dkDTTKBew3mprHSrBx8SbosXXxm8odAG8e,kfrwdJkNJJwZkrp2SnLgH1obXf1N3hdveUEd8NBnQqknAYZex1fpPqBstBbrRfzVUxhEn9fwRzgsyGKvU1wsZzo
2025-05-09 18:08:14.629525,DcLz8sFJtQwb5UrYzeapaPQ8zjFbkpiX16vqWjmnAAGx,9q8HbxZrDKPnJR93wexGPTL2UVADkCa1mnCywbgve3Yn,97350381.0,33.816855215642356,9igFjfX6rwDg495D69Y8t2yHmFRoEigeMqBwKdXvz3mY,32.99340190691962,975649619.0,https://metadata.pumployer.fun/metadata/n-m83dyhokcm,GGZfEsrvzsTS55w317StJRmCTEWyH5XG5LyDaUTUPWmARXb872pBG9jYWKzvMnR6Atk2q9ecmwbNx4xFzA9fxv2
2025-05-09 18:08:18.167658,7bQLy5a1MtTobpF8Px5GaTNq9M9dtQR8WorqFpU3pump,9wYR6nweAQUYW1cqUTm6oc4fx25E4w4Vsfg9pH5Vd1qC,3529605.227977,28.14384582045034,9iQKrssx93tca3bHnuzhLuRkBFxK7WXgZddrBujrjGXf,30.099009899999974,1069470394.772023,https://ipfs.io/ipfs/QmZM6kmHDrSyTSLciMCWEaojuMeuG3bZZuRLdaKQ9DNqSK,5fzf1N9QqiHSjEe4jw7vvPKsc2GubguiWmb4jHndVNum2rh9kKffWssy34EdvW8mhyDjBvzXuxdff2NLzKesefxw
2025-05-09 18:08:18.622704,B21rkJznYm7CEyy2n6z7NA6pLeSuu4UueKFaTCAypump,2JxcN7ex8gCLfN6PKiD1pq5eRi6byYb2tw9JoyVVZJ4k,139956521.73913,36.975768872320565,3rfkKsGBBpxZYBcoa5HQwqWbNw6V95jvG3UgTHNzRXrd,34.499999999999986,933043478.26087,https://ipfs.io/ipfs/QmRwfYotxJ4hUHUuz9UWMhL5ZmvsYp1samDZrA9sccVvgP,5jKMBxHwWsgEGYXjMLVAHkKAaCs7ejXmS2HDyF74QZRnoKhGaxPYajFtnUEYMFp2HbGHVbaGCJgtVQynzCJgdax5
2025-05-09 18:08:19.032354,DZ8uw4odHTRsiFBhpnZi4Y5Z2SZzZ8LewiDUrdU7Tt3u,37UgSGgvszhx1rBYvUX4aBwvGLyLnphuQpxkNfZo1qPy,1785357.737104,28.052267785026366,3Mv6Nmrp1aqheHTN3onm3tWeXiA2cDJZAq57X4ckwwVv,30.04999999999998,1071214642.262896,https://ipfs.io/ipfs/QmWEBATpWBvJK2wm1QRd4MC1xcHQ8o4DRSN7T8VbDXcWDR,3g3vdWYhVCD6CHw2uMbEcdVz4sJYgLNfgaStGyqF1LuvyCUMvHQA1wxtAng5abWc88RyA1paznoJsFdKgK3o4KJE
2025-05-09 18:08:21.542798,8duhYGZRHwNtmyTHUFUBDBtBJcgCKqpFhLVrihn5pump,2HJMgsEqKrcRNDqo1P9g9pCFEXSdi2VtKqDKg9qhikco,66439628.45773,31.77176344623955,EPsjP3GQmsCQNWEzFASLrdAWfGrQBAbo8Di3MQzHw3z6,31.980198018999996,1006560371.54227,https://ipfs.io/ipfs/QmTjVgxC2jpEV2aLaNuawSWxGoXqx5f3887s292Qr2pVKn,4Xs4hiMw8D72ujhZQWUvbi4w4KnLuaDpkST7xs8LeyaS7sJZvkzMbY73Jvvc7EQN6TdKTQYcZDSfryuNKumtRB6K
2025-05-09 18:08:23.478905,J917DNXVaBd39CHXaGDFYVLEBVfFDgyGh6Y7meKpump,8WmdKQQqCuYcUwNKRh5FTsJ4EJ139ZboMivyPeQzD4PS,34281150.129545,29.834925026021196,5Rg7gkZ11E7z6EcnUhYygkKq8dzLQ1BbecnMV2Uh5Bqw,30.99009900899999,1038718849.870455,https://ipfs.io/ipfs/QmbXemhrVgNipCWW1zgHP1aNkeuomf6oxN5mAG7RQUTkMd,2diMkSaXWdzyySwrszGPuCz4gs3zeTrjzWy5g54UTKowsc2vTA7TV1b8sDbL8TevpHJnXy569StF9YKXeJtSXmJW
2025-05-09 18:08:27.853855,H78FLAgnYhuVyt9Zqg46dEmVje6uA4ST66wVaEzopump,GyiAMVLuUq2n4bqxhhjzr2ZasnHXZ3b1jJiU5YbB4HJL,66439628.45773,31.77176344623955,9GaVArC3dKEYBkQfJn2tzcwyvCmfGAfAJtW5tsKrJJyu,31.980198018999996,1006560371.54227,https://ipfs.io/ipfs/QmTuUxRHWvYbjx3ps4Pnucw6GvoAB8G7ZGE5p8fmx5fzL4,4imnWg9u28RBd5Xbn1xFPkR4QW53dTPrKzg2p2qVDzwyd9HncTw1EraHMRLs6jTGMZir9LxFJ3A9mvNiSj5zn8JU
2025-05-09 18:08:29.542109,CSpvTSTcei3tFDyQEHuiLAU7WTAuMxqiStbdVF2pump,8kMLDUrEAGemSkquXCcHGfuDko39tXyu9Dgy8N1cb8Db,37319898.193743,30.010256815587887,DidGLLj4qvcKTgPfbKCn4zfxn3na75vAeyeFTUKWxva2,31.081025833999977,1035680101.806257,https://ipfs.io/ipfs/QmURPK2kqu6q4JYahkmMwx9xNaTmVArfrbbFUdtSfgvLhi,3ZXvqeZ8hJNFLe2fz8i6gm3ZqjgdANzAdCCKKFywABxgbJYMJbE7S2at31ePpjnhdSjJbjfAgZZ8xinD2ET5EexM
2025-05-09 18:08:30.154258,A3CiSjxwXq8KDJit2VuTEhEaNZhuhjjBNdH2nVtzpump,GwVXSGLnc59PayxPzGtA1vS1EtxvHd32pRUm3M57qjHD,66439628.45773,31.77176344623955,CnmijVTyN6FiPWCFA6pqFFuSFmqqmwemfqnn2ARdz8gt,31.980198018999996,1006560371.54227,https://ipfs.io/ipfs/QmYB1KCRvF3LkbJGj12r3JDjAvNHya7qU3MJ9m8bQdmpxj,4CnvcdM72YfDtV9K3q6Phxu6izqqgBaKxnjjvZRWsTzn9Fr4rMjFxjaSh5YX7YkPCoD32cAeR5i9e4nXVBYzF2QH
2025-05-09 18:08:30.237497,AE7e3wsnaz7zMYtxTg7iRqMqa4qMHrHbwfeKsMqkpump,DBi6mrKsLs3RzGfWnJySzBLFiGwJqgTXJS1ZhrvALczv,96666666.645849,33.76950873502591,CVmupR3NHynHMmeYhchyFw9WkrVepjAWr5KGASKEQETZ,32.970297028999966,976333333.354151,https://ipfs.io/ipfs/QmT1BFaUS9ho7fFkHnjfRzvb34TB4jknmkeMffnNQRCFST,3JqMg8WzHuNxToCK83cAgFChJJFiWbDcwejqNCTBMnaxEGasyHqdMjrvZZJx83Ga4W64wRcFUysHWBFvLpMqmcR6
2025-05-09 18:08:30.768381,4SB5gyjfCvgtvX649uGPfB8daj8pjsDBQk8ykHJJpump,3HfPtihUZLk8qEe5TFr5e1tMqbXptbJYK2AmXxYsQFDE,67062499.999999,31.811121466293816,8bsPBs98fLxCLXzgvmGVJXuQyZwEoJsp576Pc3Zjru2d,31.999999999999968,1005937500.000001,https://ipfs.io/ipfs/QmW2pZWaR8buk7BpLStbdcFweipDVfzPP4rbQffYPrHpm8,4Dx1zssPD8GYTvLUuP9J6vCSbCfpkPRBUoxkUyjvdybN1QMsPhvNiGLyHy7Ap5wcW1JARizoRavARjgsE7xgVS2X
2025-05-09 18:08:35.653643,3z2PArk6N5qXtDEPEVUgPiydfbxThiQ4te4bqPaQpump,H4CSS4s4PXJxMNdDQytPrwsdaZv4JajDBerJkiFeazro,29614249.019815,29.5686280160691,8trxEo6QdMkqDpBMaU8ZWhmRAhiR6VuDkR2gM2FzeWPC,30.851485147999995,1043385750.980185,https://ipfs.io/ipfs/QmX3Bmmi1hNKikaUHfrgu5fhsBTwzYjL8MRxtSSto295xq,yqT5JpdqrEDAmJHW4uKcMSabWrXAAZmWiXiJt4NnchEzS88oYnYTGFQehF5uKeJUUk2pdMkf2CQu68HvtA3mmTG
2025-05-09 18:08:36.959753,5mmAcy8zAAP8zZgLyQQQqEqwCaVf4i7BsNzapDd6pump,FTiA4rwsxaq5xAhhdC42wLT1MykVavFy8DQD29UbPwAg,66439628.45773,31.77176344623955,A6d8HNkk8PAYN9oTS8j5JhATQQPTrq1sgfA4KUekypJC,31.980198018999996,1006560371.54227,https://ipfs.io/ipfs/QmNncYbDEUJSPDg3QErbDMBL3dUTm6rdANfiH8VPXtmGjF,3YtcHo3z2xAGjZy1TnGF9DBcN6aFMiEaHNjSC3rhXqDji2fneRe7nMbfMagHP14paGrEYhueMeQM8hnbnrXJAmpz
2025-05-09 18:08:38.241770,57NNs7HiJ3xMjBm6YcQRRhmYzYeW6GgF7Pas6b6epump,BK2WybRy8rWCyRvUdAyCtQnyCpr8zwuydZdK4JqFpYnA,67062500.0,31.811121466293883,CEdyqS44byTffwMV9vz8aYUiBGA4JD5yUJAptVMYvrYW,32.0,1005937500.0,https://ipfs.io/ipfs/QmXn2BBC9jt3yoY2veWRG9BCoqv5nUH5FdLS7YdK6tgUc2,fL1m7icMJnie2QbCwar4SskuNP5PFwdJrXWB8cyqAjFJDDez8garBz84pwv77BryuXTCAgVirkgGCR6UoA5UXMp
2025-05-09 18:08:41.159087,Fp9JaJa3sRc7n2kdzxNVmM24WAUybzMoWJsdKErdpump,2xDP6Ka8BQdc4tW6wELicHo11TPbVDa2VTk1KjXx2wph,96666666.645849,33.76950873502591,ELeY3Yg3Bu91Q4SRofYeJ9ockzMPxynFtHAsNBMntg9o,32.970297028999966,976333333.354151,https://ipfs.io/ipfs/QmdP3qvdQnmQFAdekhesPRRG21nXpCn45dmkk97YQunyRP,4321BNFvqCTHLi1QbFAfuqp2wsXDeUVGJuwaCJSyZwS8AiuPL5yXehpCbpMrpvcJNjsstBfaJaFTgkVRXaArQVen
2025-05-09 18:08:44.486306,3UYvFcdkXi8iG4RLZRx4cHTNsZ9WBoVSdvRfKNDopump,48PDxpShUShbzDnnaEzruxR27stvV1mbModn5LXYtMz8,66439628.45773,31.77176344623955,yjWBqxJivfCaq8uwCpRMV9K2N8GQYDuFy8u8VhsZ6RY,31.980198018999996,1006560371.54227,https://ipfs.io/ipfs/Qmd1X6zDAUHdThFAcdBhQetnXoJU3m5t7qBoN1KPJnLjDN,K3F8pWYNkmCR8tCiErZGNSmQVpuiAutjm9m8rKzvsF3RpJqDfBSmfBYnJxufTvAV375cyys24adN6pGyxuLdf3s
2025-05-09 18:08:49.832037,59HaNvVb98i6u46uVYgCZD79gcWBiiZRvfEAKWeVpump,4UuQvttiyJ5AsaeRC86Vys78UfPCYa635vRntiHUAKNA,102495522.36807,34.17636661701142,Hyorbj5DpM2kPd1qSRuZKpLcNPrLmE9iQ1Q4u7z5gQVt,33.16831683099999,970504477.63193,https://ipfs.io/ipfs/QmYhdbY4t7desqHVTNJzspvNE3sCpgDD9QEhgmcgpYw5iD,52Z7fY78BCQykEyL3XtiYpaw9WSVnQiFydpnbXC9AenBk78i76kALdJZD8U5Fh5Z55uiCAzMvQVGT15gVzbDBoE
2025-05-09 18:08:50.987558,EE8rrmQ2cMxSiqEyMrH58DGxK6gg7WLNCEuAwaBcpump,4PKWTDoFZytu816mBpjjr2cApGWayXAZbteRvRorf3rt,354008.574488,27.977451302566102,HmXKzkB5CQYFaBZFvQwmjwifVK9x2MAAYxQAaMpNjyNR,30.00990099,1072645991.425512,https://ipfs.io/ipfs/QmZk2gCuEHYEPgaMcqXXqEAENobnuFpXJZ4Dwb2BmG9vTp,56SeiRZAngWNkmrUXPcoSvrUq8SCCikLoxLXB9vqaf5MbcKXRkisbtDUFGEtvDPaBYbavAAoVq1ErpudwTQRmMNz
2025-05-09 18:08:50.992135,2A2NnuDcMjY1aDDREvrao4GhHkMPmmKqkzqx6HVFpump,3Uh2im6CjE6VbgrMY6jGsDNTBdXRdtXbMY4uSeQWgeG6,81783536.562398,32.763022732061714,3f1TXzLJaspQTMg8TrTkhd2KbB7nNMMHX8MKf4KHWPrj,32.475247523999975,991216463.437602,https://ipfs.io/ipfs/QmaKk4YKfE55s47QVedcakKj5HXbPpfkZszHHQFqxd3iju,GvhhVwQLBo8jmpipUE8yUKMqqE1vmKe9mXPUe5MyNm6izJTP2VKW2cmRAR6H4qFqzGXTkodFvQiDc5XbUjg1QsC
2025-05-09 18:08:51.323590,Fm3B2wxc7e2M3JARhu1AJBH6vCun9L2Et1Ej3UDUpump,HPL7Jg9aLbY5W3mDUwvzwZa3zB1tFi2yZDqcroJnbkT8,50613207.51952,30.79573087755936,7emZfjEKB5n2FYj4mvPMAfvaDKznwxmegXQM7UHV7isc,31.48514851399999,1022386792.48048,https://ipfs.io/ipfs/QmTu6LhzR5fVE8rqzq4LEapvosSrs2sY7m3hrG4d8qRETF,vmPgWurWXoTPzfHTcqoJM1TgEhypE7oJqY6np8fH45Qks2k96KdphPJP8ZDhBhuxDUvqGCxQDu1iusZvCAi4zrA
2025-05-09 18:09:04.238788,EMC2XmQrfiqDCsGDLtTPTmGXr4SVBAEgHzb1n6bNKZBr,6V5PCE4x3JW6QBP6xJUroHHtiquLDx7ieJxcb88zgHY,153285714.285714,38.05529667598631,6haGd669GqbPJnXs7ddPqaVvTzWiMRM181iN4TK6sn97,34.99999999999999,919714285.714286,https://ipfs.io/ipfs/Qme16JimJrmgWKyAWbADQC3bVENmUriM2vRocdGuAJnpmU,67AdUmtKHzgyuvfLzdiUERUdtAhKmtWhWobrRxqhYTgAxFPPTabxtqFsgxo1gdVF5gGhHeJKk5KyFfQFj6iunbmW
2025-05-09 18:09:08.262253,8YykhRCkYwdrPaxdZYyBeAA4cnuaYjVSrXhwxSSrpump,HJKNxvpMPYJHCHjS7MPF2NsLo1t1CamfjJA1sF8cQKx,93725903.59322,33.56699339706174,7qvobsbqUKVeggX1JZb7cG9oU2wA6b6wXmDYQog9xg8G,32.871287127999985,979274096.40678,https://ipfs.io/ipfs/QmPR6rB97FpiXkz27BSAyJ8pSTZD1pNCh589EqAztqW54R,MhFB7JyghgrbEEU1kX4hsSDb9gPMLymyqFS3zcoyn2vrbRM7vuzDoAK4eAtnrEfASATMQ6QqBpyq2V3v2rXB3kr
2025-05-09 18:09:09.529414,FBGZPTiDBh4dsCpx3z2vwkazbFfaANBoh6NZYyQLpump,27imF8J1KgJ53fKdiUsX8rjHVR4pApBhABPKx36EiTzo,30951923.046196,29.644591061770615,4aE9EMfAa7i7VjHt8QKTbPmo1AbrgzxqbiGEjLPCuvDZ,30.891089108,1042048076.953804,https://ipfs.io/ipfs/QmWRPk67P3tRtBwmBdxQ9zBnf8SBVa7aid7RPPzrtnzXMN,27kracffqaYC9SPmM8KEU6Ff6EtZPncEbxr31tu9mWrAQFRS5g1zggG6uDVys1FnTf8vgq7D9YePz8QkAn4YSwkt
2025-05-09 18:09:10.770094,9Wyvv99ndX74oDDhezv2BeJwjanbEUzAxCe47qkfajL,F3wgb5CprC8CaPpnjwxCyUJYCwfUGfuWwLAU225CnG6v,67062499.999999,31.811121466293816,FTHPCWz62wGqLd7csT5CBU9WxkrSEQ2Zb3Z5K16YhUy2,31.999999999999968,1005937500.000001,https://ipfs.io/ipfs/QmTXkBcCSrPmm4MtzLkkZE3PqJKwFEuGuVFmZyUhzFJd6s,RFW4zw4KgYxJCyjiDyv3jYsmgtQkR8q4Ptanqdjp3TgNRPqktgeCRfo1iP4kC46vkcBwFBC8tCK3AD8n2zMMq7t
2025-05-09 18:09:12.340816,3uNXteBGPxQjy8PjEAWcR7dgQiLqQrs2D2cbd6tMpump,4ETpchbhWmF6KLSVw6w7gPAWy9rG84YjQYFmcXYsbRoj,96666666.645849,33.76950873502591,4fm1p3KYDzZopxrYAJZ94FJMKwJcDF5jdujxQ8tdKQDK,32.970297028999966,976333333.354151,https://ipfs.io/ipfs/QmfDzeC3Qr5Awhs1mSd9PST9ahkmP8Hffr56i6NwXkx3kW,4N9cBS1YzNku7EqKT4oSnuKUXi3wrVLPETVNFEkYcA42yojeo5ed59Dj1ZvNBm3UCvu3m8jjv2JkuxLBfbvXfikW
2025-05-09 18:09:15.422139,7rvG2Mn6WAxuEx5KHiJVKCafHP7qB5s3THa7hrUopump,587pZFiZYbtuobPj7kzBEyyvVw3QQ63cGzycfzAPaFYT,15702439.008573,28.79562544857402,EJkob2NRH2uZkzGhY7Rt5jf1jQHPoSLwW1iypak8BBph,30.44554455399998,1057297560.991427,https://ipfs.io/ipfs/QmPid8r6Xpjzx2FafQAET9LE8FoXoRwK1gkzLJSGBe7es2,4oTG7Aj6ennTex2Y3hFYQYaNRZTuDVxpboDGJsdgUaC4Mv6XYCv7odpY7keMiZa3AkNF3PvRuseWwKj4mc42yT5A
2025-05-09 18:09:15.589811,GRZGYtNgrq2YypQ35c58CPFB1HL1RnTEFsHgSDCopump,ES12at1jD9dAG4AkEs8cchoT7oE7XnCtgApTyzSiNabo,104807623.571627,34.33979192714664,DHU11XxdvV55e14owaxEXNmxr6WDfrJwUrH7Z65ntv1c,33.24752475199997,968192376.428373,https://ipfs.io/ipfs/QmRhHrKYeaUpU4NDMmoRAbFtxMqnfiA819E2ctohd9YTHN,4q8ZEman2489arf7sSiSCEhafW9qPAK3XpjcBCqpFVHUrpX2tM81u2fS537Q5yo2AaK8VjadrzEapJa1bGbkK8sw
2025-05-09 18:09:16.138978,7LjJUUesurX6h4FM3XHJsfsfyfDZ5VhXc4i4pRF4pump,5Hctjs5pAWAoxG9R73ASkNRaDPHssTJmwZP3hWWSnXAX,34281150.129545,29.834925026021196,HmEwXQktX88YYcsSguffdezMFuFqgF6ZbnJMTbGVkvPV,30.99009900899999,1038718849.870455,https://ipfs.io/ipfs/QmfTVP4AVDfX7a642qwDfqMRNcM3sRXBDqegcsNgKe2A2Z,5Krt8QRGB8PgGVxUGAHvoGbcziqxXMayzXJ7w9fre1yDNpQFtJb1x74Y87CEa28seLDSNfBnWrrpjzEGW9h1KiJV
2025-05-09 18:09:21.348087,7o2aUhq874as2AqyWQ8L52iB728fpLedSUAtc499pump,Gw14GFPi2bWV5784Vm5gHBpqgkdMz2zwm5U1LCWz9p6o,97545454.545454,33.830382106244144,EuJx3efgTfDVTKZ8fop91cj3DKm3LoCCrhjGwZJGdDpN,32.999999999999986,975454545.454546,https://ipfs.io/ipfs/Qmcgr8HQea34XDKKxJLBybrqGSVnEgrmXW7bETMheq8S24,44BuHmW5uYvPU3BQBVRUcrKkmpN7PfnHM3Z9A767T6qpNzGpwuFQxZY8u6g6ogHpQcoDC6em2ZgrYDkiUyrLDqTv
2025-05-09 18:09:21.468321,ACpxLUphB6aM2f8k73c9Q8DteLTaHC5njrWHV5TQdpWk,3KVxVpQRrkdBLZXtLJJEcqMh1QBoNFbqHnUoMVLK8XHY,66928387.0,31.802640955518207,Hmo6qMRpEDGch4u63A1MwTU8tWW4rgJ9jWiM3iYp9UzZ,31.995734283778066,1006071613.0,https://ipfs.io/ipfs/QmaKk4YKfE55s47QVedcakKj5HXbPpfkZszHHQFqxd3iju,2DTpL7cSRdUuvbyYbnR72D2Udf3SS7T147vNgbjXcrZ469jq4TjJ4w3UPuLGJ8UXr2SrQJVYSPfKrtioFmUoGEYK
2025-05-09 18:09:22.000205,5QyeGVYkDFkF7okw6SSP7qK3Xf4fqov55rpXDTZQpump,HT8pfoeaQDitvq2ngnziHqMcXeLzTUvWafnP1k2ffzgb,60168224.272876,31.379523212710392,BR7SxnpiPtL7PV91c69STGm2NJTahvp2kmdo5Bwfz7xE,31.78217821699997,1012831775.727124,https://ipfs.io/ipfs/QmUHv324pmbP4iPh5ZSPjtQTbr17AxYruApSQSt4no1eYv,2i2dkPAh9reTERQ2XZ3Sy55kUuhzBNmwhMErbJCQmt7Z64WRXjQkq5UY897JH1ojicQMEbyVSkR3J3PozFh58pvM
2025-05-09 18:09:24.315536,4QEv9VL1WKK7GW6AMhWAQTAJVtQ7fXpARZuHv5KoR286,MNhBbrscBPmeid54buiqSgyWa4D8PY6uKHoK2wJsTJN,306571428.571428,54.799627213420244,GsG9TLVTXeSXWUK7SeNRSHC8N8UFu8Exqv73mSY6nEqD,41.99999999999997,766428571.4285719,https://metadata.pumployer.fun/metadata/gDuUtI2iYQ7m,2o5UL9Fe9HJigZJVACcBbFVq73nKbqREJsJUu8SMTYgXJkkLgE1hQZhvTbstmY2qjfL3YDpTrWFZhB11oCQd5awZ
2025-05-09 18:09:25.026109,BapzvP5oarCo6CwXWCdUozUfbyjQ24jQnAqU69E7CVkn,MNhBbrscBPmeid54buiqSgyWa4D8PY6uKHoK2wJsTJN,306571428.571428,54.799627213420244,51EBwufcBoByfNrjrM7ooJbRXmc4u3zJPnj9U6YFRb1U,41.99999999999997,766428571.4285719,https://metadata.pumployer.fun/metadata/_WlAuLGeSdUt,wKnH3HPhkV8vNjMMaiHjrmGTHzUjzWeYkryv4orTpW4SFFLdiZRRszQaV36tc1R5Xk7yDLV3q8PCKL97PWcTDLf
2025-05-09 18:09:25.142940,D57Brs7r8RZ14sBoaUxhKa1SUnp7GGJ2M7TQuUMCpump,3NZRCQpmrcbxFarDj7XnVBNwAK1B6qYp6gJd9WHjxiUR,153285714.285714,38.05529667598631,3DrHqrGdmjeNwnrC3xkXkdJDXMGXN2i6TAApeJ2Vanat,34.99999999999999,919714285.714286,https://metadata.pumployer.fun/metadata/_WlAuLGeSdUt,USroi9zKPmHr8L3C6GThmSah1LBkkCHpUrbPg1q2LNjiphDzaqKAVJ4wPX6aAJFxbsmpXtyj95gGS3475ivVW8C
2025-05-09 18:09:25.596870,E4nz1S139DyKczYtH7fAcp6rxadVow3yh4yivYCfpump,3NZRCQpmrcbxFarDj7XnVBNwAK1B6qYp6gJd9WHjxiUR,153285714.285714,38.05529667598631,CFjSQGLrMZEinN5GX9ovrWPQ8j86Lb4Kz2swdtYH1RRB,34.99999999999999,919714285.714286,https://metadata.pumployer.fun/metadata/gDuUtI2iYQ7m,5esP5ezSSSa2yRybKmKsDNpSkeVzJsSu1URDujk1787XEwkQragUfD8MhUxUh6v1pkFcZbkod7dsX4BxbA3iqqHP
2025-05-09 18:09:28.471493,Dme9ccNfSqEe4zqyPjDdbpdNtAMuAcEoyRcnPfgDpump,8KS8bGQRtNYQ2Z5VoT37TQeF85a33B81mRX2tYNkW5d8,66439628.45773,31.77176344623955,FZP1eLZrmgvqzLeQT2cQnk7dqC9moGiPccHNG2PXiiqK,31.980198018999996,1006560371.54227,https://ipfs.io/ipfs/QmPJKQ93vj3ZbxhuxwQpE5x5RcjqDAeUiqLAghxnbycj1B,gmYV5yuEPhedgPbk7xqk7Jv7XTnCexcmkcG3tFcJFgRmsxxn9bQ3Z1QJT2B2AdMjmFPvXXnJ7jbDzLmowYWFdh5
2025-05-09 18:09:28.544164,GJ9e5pjSLEg83viXFNyYWxvwoaag4AqqYZBEYJF8pump,DmVLhaKnHspatMxZLhcqz4jk8immw7aVqCtCGt4sieEX,126235294.117647,35.91177384280832,GeuMwcGeo1DmsBSjGfPFV5wMY1V5Ndjdu2LkaGUMh7to,34.0,946764705.882353,https://ipfs.io/ipfs/QmQN7Bg6YzcN2sspYPF7cGNdm19XH1DdJDT9GC9QNJcevA,2MwnHVZkrYtqK4Ua1qoBHRcJLaXrdKr79ZMNU81Wo7cewMoF8kknPiHZZ4QsqX31NVLttCtHpVQ68m9aoYAAbhvb
2025-05-09 18:09:30.932256,GBngiHEXmnyHF5NTb6FL8KQWKWKjbLpwD2qPekXwpump,DvEZv2ZGaWo4mnr2uxi4NTjhFV2fgWqzmDWWvJFDqQo5,1591201.170468,28.042101658883485,H5NL2rbLRmebLw35c7jv3bmjHT8xe2z9RdPdpLQsNPHK,30.044554454999986,1071408798.829532,https://ipfs.io/ipfs/Qmeyn2iDYod2jiHazG43seXvFtR85A2A4E1FgH3fbPGEHT,4ADZYk51nSvbz58W94xJ2Edtw5qG8kbqEzEAKzrc6MuU3iGuYNQRrmUNsD18cUV8nFmqkVtwBg3fakL3RX2LhgmB
2025-05-09 18:09:35.421363,HkqHUgJ8TN6f3kHMsxbqdXNXmTwELMrRzMTqi148pump,74WiScXos1YayKnqNjAxwUoQJDtE4shSZ6GDjvtRBotZ,50613207.51952,30.79573087755936,AcdaqPuCBhNaZMcBbdQkfuYvuhy37corimLJ8sKc6uPs,31.48514851399999,1022386792.48048,https://ipfs.io/ipfs/Qmd13w2ym9qpJfsQ1nyRgNM6FLANgCigkujuQG84P6DHzp,3YxjbC62zvR8Uz8eCHFQN1yxpAMjTB2s6ki3Z6zPHmn3g7W2hit23bqDk93u6KJ5J1vSV1Skj7WsGAiCqz3u7WQ8
2025-05-09 18:09:35.464148,6biZRj2LPqwEhAaNQMWXwoi3DJJE5ZArWADx9a7Zpump,G8gxAb6nDnZLzAVGyDuch1qWKqt1FiGp3vzJMY4QN6Xo,66439628.45773,31.77176344623955,CuB9uFvE1mCguDZfwP7Ti7LdLopkWYQSdToAHUBw2qtL,31.980198018999996,1006560371.54227,https://ipfs.io/ipfs/Qme4WCYS4eneuVBS29f7NQGnYcqM5G4pnXi7FqiaJ3M7Cy,ND1qWn7WwskPQi82i8yqEED6uVU6P959uuyEPPDLNWYgRkxU1Me6d7Upn7WM5tuaX11inLURR8nqHV9kHLcFRJD
2025-05-09 18:09:35.506671,9E3gVFz5vxWtfyAjKNASrKRotYUaXk8QoMRCMKvQpump,81HcU4Fwgk7UjzkC82xWp7rDxYhWjZkt2qHrY84PsQis,50613207.51952,30.79573087755936,vfq4PbtuLkJQZgyrUQWiPcVQ3n5wLkKjdSjBFTinUS9,31.48514851399999,1022386792.48048,https://ipfs.io/ipfs/QmaE8AXzHH27DGUBX1DUmi4B2PGvzNoJ5XqTzc5vGzi1gg,JKQsccWCy5myYTABzT26xZHWWMb8Jw3i1qA99dmDAMSUJxHqWkT5N76MiPvHv4sfuux1i3hUKkzkxgMukMeZGiF
2025-05-09 18:09:35.556675,77biTNjAVJGX2RQGtKYXTdBwArGeUuvyPwBJof5Rpump,Az4AJuE9wCDAXKjKrgtdPHWn5dj4ww5gj5BzT5dYL8oY,37951768.488745,30.0469089779434,6H4Zo3v8N3A5Vyp9vWtmJwEJm8A8SyPcBh2MQs6ifbjE,31.09999999999997,1035048231.511255,https://ipfs.io/ipfs/QmZRGfDc5SgSvVfcnr2zXwgh7aMehZ3yQUG3M4M6Mw3PiQ,2vv6oqEvzpjze9g7oZCmQt7DUfZzTfikoxmCnc5fLRkSFxqY3UQxvvELmUZgkcV411E5fSiUJP3XyJLX9oMz1YU2
2025-05-09 18:09:38.515668,9Y3dGg7vqEb5wVTmChbvqt5QsSat5fjkmzKHjUYzpump,J4rGfhPPZA7Huef58BN8DT7gXm7Ly2B4cU5eExVaG4G6,66439628.45773,31.77176344623955,215DEL9VxTkxYbfbAGvcNFc4pWsNuemJoekoJxj1RMSR,31.980198018999996,1006560371.54227,https://ipfs.io/ipfs/QmPCr4ioFzx2w7iEQzb9th7K6NVsBYRSF1zGr6fC634XLZ,3J4vGWgbpuZYYvNTZWLj1XdUZn5MTcUtw8Yy1gYexPxeuRh43egqU3E8TfraTP19JVFMfCNqBSCbjtXwLvgBj6zM
2025-05-09 18:09:40.135501,7HKrah9rYSPou9KqCxkaHhs2Gh7A8qNu2s9G2yxapump,FTiA4rwsxaq5xAhhdC42wLT1MykVavFy8DQD29UbPwAg,66439628.45773,31.77176344623955,28wnKMTwkabTcFpzmGHjhaDomqHPLovKzTuBEFfsPpzQ,31.980198018999996,1006560371.54227,https://ipfs.io/ipfs/QmfR42sdWPzqtiRjGmsdL22s1hfXUxqUL2ru17na18qKT7,58XeXrVrFNHKijjKrrRqkGX9EobxdpL2QBJahAhn9k6E64vrSmU7izSXjNAwRqDLZnD8s2tLyeTJuMF2TbKYq1pq
2025-05-09 18:09:40.745526,iy6PMXxAztxSoJMFVd35A8WU3VoehE5KhGknvVxpump,4UuQvttiyJ5AsaeRC86Vys78UfPCYa635vRntiHUAKNA,96666666.645849,33.76950873502591,2NX2U3LetXxhtMGLiiMDLryguD9AvoCGpYknxQKFwNcR,32.970297028999966,976333333.354151,https://ipfs.io/ipfs/Qmak4BQ6McG7bofsD19E1aYEVJDMRZLrDaSt6b7JoAtojf,4QBLC2qNdLAG5Rd7EyFig7hPjJbiVPKZA4mawdaxd5dQthJdcnMPSziPrbaPk9acTFrSMsdpHbvYAP3eds7rwoSZ
2025-05-09 18:09:41.117490,4wH5eVQNWJvhtdEu85WocmEUFwCn71AEHSwKrExbpump,BHvugjwwzxDaoAJWzMHuf3kD14BxJVxrFy7gumdkYFf3,97545454.545454,33.830382106244144,Bu3iSamQhruNnaosMDJGFzS9s4Da76vwWpmyMrpo7D7x,32.999999999999986,975454545.454546,https://ipfs.io/ipfs/QmZ61fQ6eXmbRAHZbCqN6RAvPbzJs5spPpotTzMyCZpZFQ,45CRoAregRDxqLhW2Ut6acstNSrpqm195NMJZJv18CDTzNWEaxVMsLCMNYzJsRPTaheYzPV6y9uHa3iVDrymuJGV
2025-05-09 18:09:41.876726,D8ru6LPxHPSS27Htww1Wsg59JUDaiokFFLznDg8ipump,2JxcN7ex8gCLfN6PKiD1pq5eRi6byYb2tw9JoyVVZJ4k,139956521.73913,36.975768872320565,G1UkVzZVaPmaWk6gW14vsdVvQk71GYaCThC1wtmiHSjA,34.499999999999986,933043478.26087,https://ipfs.io/ipfs/QmfTzb1kEHo7ymEt4egszDTThynmz1jiheB5KEDo6rpnDj,3AWyBTqJZydtrhi777AxNPpGNTgt6kiQBZpP7NvmSn3FJnqqgW9NpZuFqaUN5FyVne9ysitKDqKy1NEZ3D1Hyy2t
2025-05-09 18:09:42.792984,GvwpAw1aHBbXFKo5fv1thwTZNwR1zQEqCx7gzv1ne2b1,3rYj2dThkPHXxX8UNyT6361dqpeQaAU2g3mpZrEwRbnM,126235294.117647,35.91177384280832,2epMs3FXUjAqzJmKw4wacSWpPRe76t5eurabDMQe8gG2,34.0,946764705.882353,https://ipfs.io/ipfs/QmRfJJvPuJXNXBy6Gq4VQLtZEfkM1sATdeyNUx8QMmhYQ5,416d49s1m16ThDcxtN3mptnC37sNFQ4R6pn1c9sGSrsrhdYafhdmGn7DQeKpcDPX6N2tPxy4ny2rMnuqSKjbT46G
2025-05-09 18:09:42.998955,3e6XAhqQ2z8F6SSPUXhhEMTTxmb8wVqiUKuKgXnrpump,BeQuFxhQDWEjEV7LohK1ELSB2iWmPhmQe7rCs1FYpjC8,34281150.129545,29.834925026021196,FtRQfxrrYBCTrxnwdU4C9fQL5BeeD2bK6SFD2EVAMeAA,30.99009900899999,1038718849.870455,https://ipfs.io/ipfs/QmXzPwF1PcrxyW3Zv77gVnFkbQenQ64RKEgZ5wnkfAjmiL,5mUNxtnoJ2EfyEy957q5KuntXp2Lq1mYoPCJSBp3Rx2z7TZGUzAjVLAfBWeLqEJP4YD8hQ6rGGYxeoiBFoM6TzfG
2025-05-09 18:09:43.402241,39bXmZ2JFreK3wKsvMj3SAmfJKeYDMU91uv3HgrhzHsk,4RePs4EchMosyRENfkUFwZcjgMsdTt9SzYMZomtvRQEi,126235294.117647,35.91177384280832,3vAsCAHKzcygnL51ZURYnEZeZVvobkJVZY3cRcnYKXnu,34.0,946764705.882353,https://ipfs.io/ipfs/QmRfJJvPuJXNXBy6Gq4VQLtZEfkM1sATdeyNUx8QMmhYQ5,2aWuz2ePZcLyUd7RKNVedWNKLCS9fk1DNHkWRUc71xWRFLs9WC57LzWq1e3yVtvvM3FPnpLD7TLVZF2jLWsS4wZo
2025-05-09 18:09:46.120560,6Mtr1Hut6nKPdBnqzqHMPRUyFEM5AVfhwjcC4Rpupump,FgsRavD6pzdqbzzusbq1rufuXEzF8HkiKr89kokX5o9B,34281150.129545,29.834925026021196,5GPtiFwxo9X8pgYNuqtn3aLGjJPeeS9q2i8YokyXiBYq,30.99009900899999,1038718849.870455,https://ipfs.io/ipfs/QmcuPG5L7RwwuUvr1FEA76pVMwyWWwBsqVxRGwvyqvV925,nPjrVwnFvyKGjX6wT87UTTnJDAyAbWv9QoqnmbgsXYbKiANMZiu6VoUSw2Ye7p95VRWDVWKbicrXZmWHQJDpBPo
2025-05-09 18:09:47.106504,29dLsynoBrHtuUkRNPSrfBubuSnDwbsUowUmb9iHpump,2PDdC56cubEyWm7TaNrbq7RKvVS3eA2m5rzfgfssv3rK,67062499.999999,31.811121466293816,2d9ZN5NV9jRr5t2PVurMUgDZCvDhLCdrxmEUzUywPmB8,31.999999999999968,1005937500.000001,https://ipfs.io/ipfs/Qmeu42h1wVCQmQQV8iT8FHCdbnJ3mKpUZrASMdBZKcpy5q,5bYnnqjBpFdX9kGVrzytBn1DYPhJNoctK3DUHquhbWbZSfTrMopnNkAa9Z6JEj2iYvfuvENMizfuhDeZGGvSeKpU
2025-05-09 18:09:47.368651,CTJqgPJtEfJ33M93mkiJK4J2DL4za72z3YbaeqCpump,8kMLDUrEAGemSkquXCcHGfuDko39tXyu9Dgy8N1cb8Db,42633514.627357,30.32058168089699,76zUCDkpaYgWjw5Q3tdR2D1ZKjeK4JFgS8zhXDu2ABVv,31.241311180999976,1030366485.372643,https://ipfs.io/ipfs/QmURPK2kqu6q4JYahkmMwx9xNaTmVArfrbbFUdtSfgvLhi,4iBTe7NZ6FtxSEdew3y2x7V4V8LhJ8eM6LGiQ1TEpmKi2KyF2udWGjyN8vA1jTd13Fym4bzas18oV7LF1UyRBwtG
2025-05-09 18:09:47.605609,AoiYWnDg7i4tncAsJ2VonVdkbKizrWHVFgtrKPuCpump,GVczPwnN39gEApcNzra4j2fyk2Tzep4vd4qecUuqS6qb,66439628.45773,31.77176344623955,DPCL44J95h4jkWTwupe4kGoi611FgrmH7qnH6au8xZan,31.980198018999996,1006560371.54227,https://ipfs.io/ipfs/QmPUgEk1gVDxesDdAYHpLsfWsLyJhNFHsmABVNNQouL76E,64nbt5bav4D6CG4UbU3kK4wijp934b8qAWEvFADVpoDL8QgYdYyZB5vmjkwb1NesKZ4cvZ3BBVscRgWWSR1mRYWR
2025-05-09 18:09:48.527794,3tAAUHUwPFscHR7AQuZQsAFyrP5pkocFVTuGfcVNpump,HKj9Hz48eSvSZGskmQEDLdb7ryVAQXvQ4h96juYUk5Y3,66439628.45773,31.77176344623955,2CTcszUEAmvW8bCWdaCuVLQoWm5LLLf32nxwDZiF7nNE,31.980198018999996,1006560371.54227,https://ipfs.io/ipfs/QmU49iH4pbZDogKvbMZPFq3SuNYeV6zZA3XVr93oPMou9w,34zCbhWPYu3DtunQi8DsfiH9tk9jC3DpYmsakUh37Msb4GQWz6WXDKZ7iDeiaNQ4qKAeBamNGQxF6bWhxcBC1vBe
2025-05-09 18:09:48.629527,Hv8oFZb7kGfKKp1mgnNiJVkdwxwodESehouwPWDypump,DaPHw3Aa1wbzC53EmToqS1XnywJySySTjwBLd4fj51zy,66439628.45773,31.77176344623955,4CzG6JrHJaAWbic8geJ6Sbm62guF7necUcHj52eVRMZY,31.980198018999996,1006560371.54227,https://ipfs.io/ipfs/QmPDLMkDhJDxtYMwurYd1rG7S5r4VmoD5nmqB2QJbPz38P,4wvgq8ers9XHNyTJ6LfsXzfRvjJNcjFzeAymBbxgyf8sDQzuVyyDgaCX8tUjxeT94bTSB8iZZEwvGpbGFHkW47P7
2025-05-09 18:09:52.463096,28cuupo3JV1HRsJPMVMz6xd8jdJZrZPdrgtp8VoSpump,BTQgQTbz7VYVkU7pDREuSxFVtuPkCwnKcYHBXgMzAYdt,34281150.129545,29.834925026021196,cuak7t29EWMC7qKiur41fENcAsFWozxURJu7acBP2vM,30.99009900899999,1038718849.870455,https://ipfs.io/ipfs/QmUGayX5xwGF7CuowpKExY3Xe7mXTWYGm6V86h5VYbLsCb,5M75aU89KSqW3Ku5yLLbNTu5qQEWRqYQq9g4FDaFbGMtBzrxfhSp2qGo8iaf9QFvRgnZWmG2NUKadEXuXXBX82KU
2025-05-09 18:09:54.017345,7ZkCeT6zqzdbKwuzq5CvfvdJgrqfV82J6VUrmFd3pump,Ff1mzBYTvoRbEjFjUdzZXkb4SbDSZBwGSzHQf8EQYioL,66439628.45773,31.77176344623955,5dzy7LhM1RFFbchUhQcVrdCjvRMW2ZZFhHRJ6KUbTnkD,31.980198018999996,1006560371.54227,https://ipfs.io/ipfs/QmXKbbVWG5NLBkmDzJCvHx2fYWpxiT94iNNkAPZRRY4Z7F,23Uqh6CkvLo2tmWhjXkfgm3wWiSTVQDGxU8E2LTSZC2Y7N31xzVp4yzGfS2DgUmgUyFRLZsbGNBwbvhNkW8dGNwU
2025-05-09 18:10:01.559929,2q8YMUGNF9om2B7suC63aZ4NpujL9ZJZCxbP53QXpump,8b1sjE5tpvq2YfjHQj31Qq7ScuhEg8FxWKuN7nERH8Qj,66439628.45773,31.77176344623955,EbSxgiHLWAAY2tgeyaJohXHF1vdaiRXW9YTd48vDSkuy,31.980198018999996,1006560371.54227,https://ipfs.io/ipfs/QmTXZriWpQnBAsWEJ1L65cc41FvhWRWXak9coMP8Pt54pu,43SZBStZ6arzzLL1mfGVQx7HuJzbcK3fF6CtD5fFuosc4u3f2GVcJeAvjrBMftMK6bBJrZ57UdWBQyH5Le4yckZj
2025-05-09 18:10:03.160053,AbgSvMHeV9eJfb5DTpyaZYdPn1z3JnDgEvrPJZzWKAmv,devAAvkxwyogNgy4z7R3n1ADUvJkmzy4qszDF6UiAcM,5838926.174496,28.265783354346308,5PXNCfRVWTYMeimudEp8WQYDAxCGuFJQMjmQvavsgR6V,30.16414371694326,1067161073.825504,https://ipfs.io/ipfs/Qmdu2mRPoU5tSxw2NcV5J2aJsVbuPWJvakDsPXDZqyzwuo,5wP1E72H2uKgUEoDh3Dfnsz3gkPjfxb2TAKCia9aurAm6z9zguVc4EiGrEGrHZkGot9oTgq4uXXL74zwstDq9kLm
2025-05-09 18:10:08.151898,HYvVRL4cBmiKjf8WsvM9BABW8wUHnY8AqT99hi4Apump,CEUA7zVoDRqRYoeHTP58UHU6TR8yvtVbeLrX1dppqoXJ,60168224.272876,31.379523212710392,gLT8DSCvEzhKtj1NnjKY2RTMpcnBnB38uoeYEGPPsMp,31.78217821699997,1012831775.727124,https://ipfs.io/ipfs/QmVbyHY5fSv9iThwSMPf3MweA88puNGckoVMzx4NMmsac9,5i1k3WFvM3XETDkZa84AL7wHE8cmGv8BDUSwKZ6ZqLnQowFb9eUZ8EoCcMoeRC4NeDQLrJ3xgk49vLmfo9zrkgmn
2025-05-09 18:10:09.121836,4qgcBtGmMdnVuCGgwTYzanTp7uBczbw3mf4HViH1pump,BEnGowz22N6QtVdBCqG53FzYGdPhBqSZmPD3aCgnq4NM,126235294.117647,35.91177384280832,FmedjUh3q6ypCELiGwoBtdDFMbLDJyV7wZjBocTJ7ihs,34.0,946764705.882353,https://ipfs.io/ipfs/Qme7YzoWr2werHxtxx7y792ufsyAZtai4F2fzEhCyRTuJn,29iRn68iipYKW8t3k6RtwqUeCGrFKnKmktGVMQF1ysRkc6nxPHGKytFmHhZ2roWmtG2mA4pUJHqNz4Yzu6Ya7P6k
2025-05-09 18:10:09.247573,2G4aXjtigsysXqYzJ3aYv7ZWXQG2P9pDR9Pok98Uekug,4RePs4EchMosyRENfkUFwZcjgMsdTt9SzYMZomtvRQEi,126235294.117647,35.91177384280832,6EC9Tmxaqeer5iKhHyKD6PcD5Hg7mUHtFBJSrVdCpDmh,34.0,946764705.882353,https://ipfs.io/ipfs/Qmbxt2rgjpTDi53paadk6kXo6Dgpxj9ssLCVd7bVkB5mud,4DrjUzKsLwEgn9XRBHabPfgqPUtiztnc1tjvjQfyTjf4uQR1DE9wRWP7T8966CnpAxzm7xs7rqBG8SL7jegLrz7h
2025-05-09 18:10:09.294442,7uQWUNSvhvHN4EpriYhC8mGXj9dgKTWrAUg3t6hqpump,BbNouZzyXhgXYkzUEwHXe366mc2A28hNr9miyhQTYMp8,3529605.227977,28.14384582045034,F3n8yym4q4jY28SPNBQWhP96XcnVNrfySFW1mm7whbGj,30.099009899999974,1069470394.772023,https://ipfs.io/ipfs/QmXPR7R53cr2wo1cCk92fEiQ3tu9MpQHR71TxA5iNxEcKh,4371Nu9XrRoKC5Fm3ghpcA3tYtcitkGMHVxJsWQjoKWMKKGtW4YEDXEgix39ij4uvFz9Lfsk1uvWiAq5qP6DVs22
2025-05-09 18:10:09.452099,3Nb835p9TADCNu6nwLABxs3AkNyFVdzb7L7iN3Y88aib,3rYj2dThkPHXxX8UNyT6361dqpeQaAU2g3mpZrEwRbnM,126235294.117647,35.91177384280832,BatsSjritJrUZF5wfTC67Y7tDfcnkYEJwWSVBYxfssKb,34.0,946764705.882353,https://ipfs.io/ipfs/QmbsCzv96YGpQqZLiTAKKpaZYBp7t2kQnZYHJ9ZDY6ja8m,3s2JnmtLi5Wc5qHtBwff63SoS3AnMmDLP3trkYeYocky1cuk5mQ5HUmrLD7itLZHpRRL2cGemHCp9Fv5KGc7TJGs
2025-05-09 18:10:09.770216,EVRWcY2bxAfdN8pkjGx9bmdzLHSKeP7YUtUHYpqZJRRv,7EeUMPyMH9TGi3PrYATngDd68PxuvizgKGpTBjoqoDif,66928387.0,31.802640955518207,E9mvDEvk3uoTWPLGWMGg4XXDmTupc7ojZLPZh4sAv5bV,31.995734283778066,1006071613.0,https://ipfs.io/ipfs/Qme4WCYS4eneuVBS29f7NQGnYcqM5G4pnXi7FqiaJ3M7Cy,5zXAEjy5G92FoebHkxFGoxjpkmuT4Wzd4G6iV3rRuCvgXbmpRuFAf1swtjUyB1E4UcroGcBZdwADe54NLpYzuLvD
2025-05-09 18:10:10.480623,Dfs2RfocCbH6u2QcvFwgeXkN17JFaw6avYveNHopump,2vH9dsXVMMTeEQziieLGptXvtVboitFTc3YjGqw7HaaK,3564784.053156,28.145697421559486,EEckUcv5B4P1j6MAST8t7FZVjfKmUDM9NwHDu9ZLzYpq,30.099999999999998,1069435215.946844,https://ipfs.io/ipfs/Qmc75h9uLyu6QwyuSjm5K71Afc17QJgEcBJee2caxpgg5U,4AfSmzXE28oJpRTHbzRwS9Gx4VnxbPPwbf5dSZ7z4NAgrmpRkugscWYY9h3gYJRYifErPNmyP8utmi5UDUTJgsHx
2025-05-09 18:10:11.101583,AzydiPyBhNTrcMVa4Pe6u3GMi43ajKLWpdPN4vUhK9Ts,9sCcAxe56AuDQfJgU7kB1LpnQEYXDcGpAtXnN49H6SB3,268249999.999999,49.70487729108407,kinpmkeyXQSWpbmg7XWmftffNXub5szHCjZCCwKsH8E,39.99999999999995,804750000.000001,http://149.51.224.102:82/json/7ae48764-bbad-4ea9-9279-d0ebace94b79,3U1NhJdzWDa3dic7qihaxrtLaSDTg3GmP6TJfS61mrAovyPjBYB9p8t9w5yNZciiCcKgiM1cG7Vc37sfSrF1yRQn
2025-05-09 18:10:11.211188,GgQ1kJoTGn6En97XvcF6xuGzjc3sXLcYxQkD1tGGpump,GoDGoDZRxrK156Wg4eVG7F5XG4cExMDnxhe8vw5RojtM,66439628.45773,31.77176344623955,6YrvMMhpAP8dSLp9taESHfnJaufSgfgdRs4negK8v9ye,31.980198018999996,1006560371.54227,https://ipfs.io/ipfs/QmVVyUkkZk7ePMjAYAQQp2k7KFaawbUUMvV56pLseStuzU,qWYifiZm2tGngZxidpWBFf2ygHWU7MdAyTQsPaXs9Qmfxry6AJaPBYqh1yGHS2vWgU9t9Yg4yLz6tWNkpjqq9Dr
2025-05-09 18:10:11.567863,B7XEtbkKsiECLKZUqfNKb8BC6HVrr3euU7R3xrS8pump,GwVXSGLnc59PayxPzGtA1vS1EtxvHd32pRUm3M57qjHD,66439628.45773,31.77176344623955,vvqRrYiP5Wh7ZMYQMPy8qayLeXd5XhxgPP3ZvkEcpgo,31.980198018999996,1006560371.54227,https://ipfs.io/ipfs/QmZVRz5oPjweCkvCP3LKmW763yc7kb98h91U8J7A62aN7R,3751pzUhoSxqiJvCtGeFUBM5w9S743JyWgBCrbPGzeuFEUrvy2ZD8wvxfShNan2WVbj2AH5xoq3SSNRa36xR4rM7
2025-05-09 18:10:12.517579,GP8KbbyC3SWmAMZiaXFrDx4UXKtK8dM4hNbuc6Avpump,Gw14GFPi2bWV5784Vm5gHBpqgkdMz2zwm5U1LCWz9p6o,97545454.545454,33.830382106244144,A1G9wTv8iU39QzDVcP84P7XVqxww3dchWHc6w7DjayvQ,32.999999999999986,975454545.454546,https://ipfs.io/ipfs/QmQYfJzAPJfbuMGyAWi2n9TYBv8K9mZe8KN9T8uWWZTPtP,5YeozWGf6fS1vjh4bPLZRpT7GGRDuNss8aXWUtVCRgXqX6vt9L28BAriprSTfpc6VoR1Cse7To9fUSbWiq8JK6W8
2025-05-09 18:10:20.734016,AZgVJUrbHiLthPcEbgLtSy6BYFVxAkbrtSpchG4ipump,GyiAMVLuUq2n4bqxhhjzr2ZasnHXZ3b1jJiU5YbB4HJL,66439628.45773,31.77176344623955,6RpER5JhPVF2rNV5N6gvLHRDM5wh1VKHRHeEvacrhH93,31.980198018999996,1006560371.54227,https://ipfs.io/ipfs/QmfKZ423kA3U5Yqr5MXBPTtDTYb7BAQi4jTm8WU47ZTMmN,3dtnutZaG2whiPasPyiBTNyJLtirgT84P8wyTL9tAhDATJQjRCxfev6JBvPwNqHaCfAPfwzbNpgSYomuqdtJ1KxU
2025-05-09 18:10:21.545649,8FWEkMhQe8o3TFwjX1zBj3YtWM8FVzX34yN9ydAvpump,28Sv6qSYSv9xMhGp4UnFc3QYiDnUqy9dYbpN7d3u9KUQ,50613207.51952,30.79573087755936,C6tETqLr6bPvt27EX8tEjDCffBxGrRaNDondNFByPpRp,31.48514851399999,1022386792.48048,https://ipfs.io/ipfs/QmUecyVh28VVQooL4MPvbYWZzmbor9uedhC2qBFSaz6etz,9z4fCFsroL2R6oeBa5mNg5U7moHBMrp1uQm5dZcT4v7xNRtZqVVGC4n39AbgraLYCzviCCpUj6io1vbR1MBjkZG
2025-05-09 18:10:23.726037,3eWwEEiGZqm9dtF1pJ8rGfEPic1NyW6hpfSCAos8pump,G8gxAb6nDnZLzAVGyDuch1qWKqt1FiGp3vzJMY4QN6Xo,66439628.45773,31.77176344623955,61dHZJw5nUxhQoNtaQEBa3qTaMthF36eiLDi8ppXQq2s,31.980198018999996,1006560371.54227,https://ipfs.io/ipfs/QmSbtA97rigD3qpgYQb2xtzootWcPrz7cPiSFsf3ACdsAV,447iHov9R3boRjh6Nwwxe3ZouxL9zW71zB6iCZAjKz2RRGW8ptyq7wK7hygEBL3Tt8XAkpNT5Wtp3ttTFjqqwyAt
2025-05-09 18:10:23.769870,ju2ovjNeX2NHTLqT5RkFgvXYAwVaqLL78rhdVKdpump,8ZN71XTdVo8yRovnGLmNgW3Tgniw6A4J3JGLvPD686FP,66439628.45773,31.77176344623955,A2hMHLzM4oxUBRciPWGoQVcNQcwTSiiX5UfYiNCfGqSh,31.980198018999996,1006560371.54227,https://ipfs.io/ipfs/QmQ6eRrJ2PvNVdDtAxZbcjiMKSp2LYd1du6SmHpdjPqaW9,4E6hhYTvepb4zj2AywEYhT2WJFGsvZx3v8qdfvx2gmuF4wajDuq78C5DjG41e5PhL2bcp6EQtB6eg3wpUfRzp9cH
2025-05-09 18:10:23.959060,Hz7iixKfmUgjxq9pqd6abArqhSujRLroSnz4DqqDpump,3Uh2im6CjE6VbgrMY6jGsDNTBdXRdtXbMY4uSeQWgeG6,66439628.45773,31.77176344623955,HNUWP9TsQJBbMi3nHai46qNsPBpnGa8kE9QAZYmVr6cq,31.980198018999996,1006560371.54227,https://ipfs.io/ipfs/QmaKk4YKfE55s47QVedcakKj5HXbPpfkZszHHQFqxd3iju,k9oeLqdaLGoBjmNZN2Aq7FMg6JLLFXAjwWkRekEnYM9M2gMD5qk4Ezz2GCPvwJ3yFGBUSfVuWk7RhQbt9KmzjpR
2025-05-09 18:10:26.608210,3jCSoRVwqHnk5PBCqN219GkgN8xZ6RkeJWBFf558pump,4vejd1ryEbERFScGxK5kBCAR5yoZaRV2Z296gUUEToVu,50613207.51952,30.79573087755936,F9bgaksz87X29xAHDjNsNqahzgdR6XFU9qE15nu2G9gj,31.48514851399999,1022386792.48048,https://ipfs.io/ipfs/QmSaMztd2U62zQZdSQcfVi8vCvd5Wm2vjB3ALMLDidn6Tx,y8wD9AjkrHW8HgYoJ4Fb1yGxJxpLBC3jD5nqnQGT7V2nsV83SbWcPZLUzbNimeEvFJrNzcEnRG9QuUcGh3gHgSm
2025-05-09 18:10:31.449322,BMW38Jfw1fi5emzBk6ghA9o2WGPXdFwp6Cu2us3zpump,99q4g7RHKh1eD2w95HFSQdakYC6RqmAqEyzptCLN74E4,66439628.45773,31.77176344623955,5X7iszkSox15w5np1mcScHb3hQHb5nDYJTYw7vYjinuB,31.980198018999996,1006560371.54227,https://ipfs.io/ipfs/QmTFqi9rVefvWYiAsLZy2rBDXtm6ugqw3cJbY3X77CKvox,4P48ez6X98hikorq7Tz5DjmiT4XywjL1mTXpjTRuVyjtshN6Y8QqLRRVZhwZAavjHMbrbLymx7JZtm2q3TGFNUPw
2025-05-09 18:10:33.513087,AAMiTXj1WQLphkEiLXYqdYM6r5qQECW2XXdhDNG7pump,CJKFSyQ26g6g4bCzrjmmhxP64g5PC1DfbHkNrpvYJ2gp,63313664.57056,31.575338795132115,8W2Jcrew3b5PDDf5ppc3u2Yc5sBuETMzi5iSveiqubhL,31.881188117999976,1009686335.42944,https://ipfs.io/ipfs/QmaoQ1gQHMjJ7r7DewWtggnu5t11S95r7vrJ1pNgofrXWY,izU8Jam9aJpxpboUoYE1C9yByBS7qvhDfgLz8Qiy7mzMf6RWquvYPXAzAh6ExsPMSbcNYZECebZTnnqNkPdtaEz
2025-05-09 18:10:33.791529,GdDr4rfUTDPBaZK5tjDqLrkVkfnkzqbn5t7TEHnZtYFa,4C6w3yQG5SsdQE1TU7b8xPpXRiWHhNTxtsfyyvg56FZC,3529605.227977,28.14384582045034,FKGdoKUB6gYCbSPXU4tcrwMVBFEqWztS6ZJVHDoN3ToW,30.099009899999974,1069470394.772023,https://ipfs.io/ipfs/QmdA5YxQenKfLLVN1CrUbqYKy2FnRurH3RMpUHEccJD1QD,4URy8aCVLo9sEyLguJCovuU1dyAxWZmgf8WQHE1AJxJQGeGCHERhQBRAdMnGZGrwZFGyRnaR6cDh9qZDaN7fZGqg
2025-05-09 18:10:36.153617,A9HdzhSN9pZGETZ7tNGDbyTMYudU2ESKpdvia8zSpump,8Tw4MFyjR9L9S6jaK9npxxgLsNf6ktByPwF1gQuy5uPF,27598597.038192,29.45471463187327,7ghDbjkkE5Cm5fxeja5q9mp49xJ6ndszYrtoGC3xief1,30.79200000000001,1045401402.961808,https://ipfs.io/ipfs/QmZvAmRDfvwg2GSg6vvYeej6usTcsUKWh3bCRWT842QfDW,3DFYxf7jRVku25LXmqY3UgjLCfSMFC2i7zKXFZyesN6ceyhptYcEVWVBjeSBwiMRtdcsvANSUSznKAsDHXN4VZBP
2025-05-09 18:10:37.743743,3McJ5sCHVKrRs52tSfXP5f9UX29giwWi5w1aQF75pump,CEUA7zVoDRqRYoeHTP58UHU6TR8yvtVbeLrX1dppqoXJ,60168224.272876,31.379523212710392,2kZ5JBRcE3Cs2iR9Fb8LNtSntJJ21hYPa5dfwcA2sTQW,31.78217821699997,1012831775.727124,https://ipfs.io/ipfs/QmWewPv2GcxaK1QMnWp1x4dpt9hsAGLGgfsoA6LwP5nQpt,czdMWQgCMfxEpt3A7Y2brhSi6pYWdUomQuYEgrLGgEQPnXsbPg7aLTwuuSbsH1z6wvgYbFSPvRffHRh2T7JYs6t
2025-05-09 18:10:37.844078,HPoLiadHhV7X2fskMZ7uybJj3hoDov4qRWWogr9apump,oU7ou5R9ogJRVB96mVN2GMFt7KiwJNTx7zrqyiHPr5o,177033.491052,27.96822162806459,3s94XyWYdRuPFGffG2HiLuKJ9M1eM9eUSJVN6Cah1w8G,30.004950494999974,1072822966.508948,https://ipfs.io/ipfs/QmbcXeDkkyrxBJNuVLNVtkLyXJbThiGuLJYoDBK6KSWyrj,5M8yinvXX32PPwFSz4ksdezZPCS2rBmuiVESfkm1NJaqTdRT8G9MxaF6isC8Wv3s1Jz6bs28r6tiNJogaxLNPeTF
2025-05-09 18:10:42.292064,NyXaRRW8wVn2FW2KTMGoLui7w6LnonHoepiPPVhpump,GD32KhxLkqoG7YtPN9CweUgq5Ws2RhdhHS8MYJbh78Dy,81783536.562398,32.763022732061714,6EL3xap6eKCUg21KafFexSCMTTWTc3BApTQ21BLcwjx7,32.475247523999975,991216463.437602,https://ipfs.io/ipfs/QmTGu4f9TG683QgKY22Jb9ZnFZr8V8RrL57NR14gswVMoz,5smABgTiJTFvMosVLLam2kVg8BavPGK6tbBYV8WfEpUCVPY7WZe7ugvFwND8Cxf4wB86ggJHdzkVd4gjq1K8ZSDZ
2025-05-09 18:10:51.436246,4BM1xN525UcKLu7FMjNRGtWvcYkiKEG6Z6NKTPHdpump,B7UVu54Cg2xP3Neg5XqXbzBY8eVHQbBJ4dLBchW5zff9,30951923.046196,29.644591061770615,BKZJoatoX2xwd7aNVGDqYGFmqYAQXiCu33w9qdybKrCe,30.891089108,1042048076.953804,https://ipfs.io/ipfs/QmdQ6mSTgmW7JMYxEZcVweqAWHiJn5zUH5dmQZx4L8XE48,5LYPmn3nycYAksLUncEo5s79Y4CQM2kU42vrw9dDQpKjUXHNU6eNYyo9XU5dg82iZvtUXPE2M9A38Z9LkMQekC85
2025-05-09 18:10:53.247323,HmzeYCGTsUgwg74hSSXRJpCBF9HYKuzGbLyZMmLQpump,DoWxTJ9qgLr6hMpyr9zLXYvKv3MCkZUa77rNcwevWN1K,81783536.562398,32.763022732061714,GyVLjsFm8uXP2m2LaGWMz4YZVwt37Cy16EAQHbxk24L1,32.475247523999975,991216463.437602,https://ipfs.io/ipfs/Qmcc3ywUoGjcAwb2uWS75TzL8J1piBM7AFgCavzrM95qLy,52naoabmYrZePu7PpzQSZvJEaZLSScQrZ9yXnkLKcYJ2McSL7p72dtUB9Haf9BqYH4xPvpjAZN3QqVAKs8i2DNfd
2025-05-09 18:10:57.342845,3uLA12jyEnxYkCJJsfcBNob6ThadPBfv5vAYgoSUpump,B3Moh2kkxqag3thBS9n37TXTFx98fFqjXCoisfVCLohS,34281150.129545,29.834925026021196,AAqcaWKHaR5usex3nhU9YwojZVSAN8uT4CL7aQEBGose,30.99009900899999,1038718849.870455,https://ipfs.io/ipfs/QmdrBoRBtfLQvc6EJNw6jFSfRCVeMzgbm9Y2FsUkqbauVW,3nCEartGQ7b6C1R4zv2qqH2Qu1GvbxV5PgweYtDr4FNgnqzTFKfeMgRn3uMHrT48MLVGomoE1n4qrJhtdhVwoivq
2025-05-09 18:10:57.439120,4DZCHWMLTgbPrkc8vuz9BiDs1ERj2ZDjdRs8rCMppump,BTQgQTbz7VYVkU7pDREuSxFVtuPkCwnKcYHBXgMzAYdt,34281150.129545,29.834925026021196,amF7GZxga7myGzGsPzjW7UrKa9hdxazwc6pGfAEBN6e,30.99009900899999,1038718849.870455,https://ipfs.io/ipfs/Qmf9Da1tAUVhMDgnxYfuVYFp1wd7CkTRNTy4NT42GDmvBP,5mbNyESAWHxK6PAfGuGSm1rgV5y9tuodk1aB6DxMpAcgkCs3sh984Zp46bXqrggJ9JAEKq4tH2cKMh4VdfUJRvQk
2025-05-09 18:11:00.005367,Dcg7Hg6CyhCscZzVJNeDcQVehqoubCe4TeSKmNbYpump,3CamySPPJU1wmCcXmqhTWfvj8SdE3JZdmFxkMQxpjfT4,66439628.45773,31.77176344623955,2VB1j5EEminXUWvnYcBGq9QhYJwRp3CMpDKesqmdTJcH,31.980198018999996,1006560371.54227,https://ipfs.io/ipfs/QmeGAvDBFCBY8Fr5YYpGMLoHmDvcqVkVzJUh5ea9i8WAyg,3133ojyvJHUBhU4cv6xR3mFKE81fYe1MwmBdyPHikDmtEqBdB9v5sdayUACJucFRvewBNYzmTP1NmPABAdYDgvgA
2025-05-09 18:11:03.491191,AHP4CnRYjU68pQRrxkELJUGvoU2YjZnY5Pm5HCUZpump,5wndZMmZzydwLvhhGWcm2pwztDGv6qFcrhwbKjTGeJ4f,50613207.51952,30.79573087755936,BZHVb8p4HsLZCLPWqwueHAii2bo7pxUSZoBFex1AArs7,31.48514851399999,1022386792.48048,https://ipfs.io/ipfs/QmVZaMYhLqSYx5kGveEdqDsfgHRc71NouhS6ARSci5kSZ4,21NZVYzbwsJ2grqdhZbCaRY4K58nzMC5mRCib2FfGERxT2d9Uh9FiGW8jTX11LG52hJzTvomXiZs8wHwsqfvWuK9
2025-05-09 18:11:04.988883,Eeqyos4ddj5WimQEBr38KH8YXC5usW35TYscL8FqDkbf,FPxBnoGd8bsHm2Gyx4Z3j58fi4cAfUomo2oQ1auf6Uut,66928387.0,31.802640955518207,FgCNxG9YV3mnjQF7u2qpaM1AymgJSnAMpqZp69gBRxhi,31.995734283778066,1006071613.0,https://ipfs.io/ipfs/QmdrBoRBtfLQvc6EJNw6jFSfRCVeMzgbm9Y2FsUkqbauVW,4EeYwJWosSPrGrxj75fbf6qT47SkUMEVkRrcjKN2cQZyKk4JJEfEnYmkcT19fJcPNnkAVDu7V3DiW1VHM88kqySq
